N. Tomba,Bibliografia essenziale
171,"Berti 1983, p. 45; Trevisanello 2024"
172,"Berti 1983, p. 45; Pozzi 2011; Trevisanello 2024"
173,"Berti 1983, p. 45; Trevisanello 2024"
174,Serra 2014-2015
175,Pozzi 2011; Serra 2014-2015
176,"Negrioli 1924, p. 297; Trevisanello 2024"
177,"Negrioli 1924, p. 295 e 297; Trevisanello 2024"
178,"Berti 1983, p. 45; Pozzi 2011; Trevisanello 2024"
179,"Negrioli 1924, p. 294, nota 3, p. 295; Trevisanello 2024"
180,"Cornelio Cassai 1993, p. 330; Serra 2014-2015"
181,"Negrioli 1924, p. 297; Serra 2014-2015"
182,"Negrioli 1924, pp. 295-297; Berti 1983, p. 46; Serra 2014-2015"
183,"Negrioli 1924, p. 295 e nota 3 di p. 294; Serra 2014-2015"
184,Serra 2014-2015
185,Serra 2014-2015
186,Trevisanello 2024
187,Trevisanello 2024
188,"Berti 1983, p. 45; Serra 2014-2015"
189,Serra 2014-2015
190,Trevisanello 2024
191,Trevisanello 2024
192,Trevisanello 2024
193,Trevisanello 2024
194,"Berti 1983, p. 44; Trevisanello 2024"
195,"Negrioli 1924, p. 301; Trevisanello 2024"
196,"Pozzi 2011; Aurigemma 1965, p. 99; Negrioli 1924, p. 319; Parrini 1993a, p. 276 ; Uggeri 1978, p. 374; Serra 2014-2015"
197,"Berti 1983, p. 44; Trevisanello 2024"
198,Trevisanello 2024
199,"Pozzi 2011; Negrioli 1924, p. 295; Uggeri 1978, n. 54b, p. 389; Serra 2014-2015"
200,"Aurigemma 1965, p. 53-54, tavv. 54-58; Pozzi 2011; Uggeri 1978, n. 42, p. 379; Trevisanello 2024"
201,"Baldoni 1981, pp. 22, 72-73, tav. II, n. 4; Berti, Guzzo 1993, pp. 276-277, nn. 158-159; Trevisanello 2024"
202,"Negrioli 1924, p. 297; Trevisanello 2024"
203.1,"Camerin 1993b, p. 338; Negrioli 1924, p. 297, 301; Aurigemma 1960, pp. 130-133, tavv. 151-153; Hostetter 1986, pp. 96-97, n. 62; Trevisanello 2024"
203.2,"Camerin 1993b, p. 338; Negrioli 1924, p. 297, 301; Aurigemma 1960, pp. 130-133, tavv. 151-153; Hostetter 1986, pp. 96-97, n. 62; Trevisanello 2024"
204,"Berti 1983, p. 44; Poggio 1974, pp. 42, n.38-38a, tav. III, 1-2, fig. 60; Ruscelli 2014-2015"
205,"Baldoni 1981, pp. 164-165, n. 135, tav. XXXIX; Trevisanello 2024"
206,"Berti 1983, p. 44; Negrioli 1924 p. 295 nota 2; Ruscelli 2014-2015"
207,"Baldoni 1981, pp. 90-91, n. 31; Ruscelli 2014-2015"
208,Trevisanello 2024
209,"Baldoni 1981, p. 83; Trevisanello 2024"
210,Trevisanello 2024
211,"Baldoni 1981, p. 139, n. 101; Trevisanello 2024"
212,"Berti 1983, p. 44; Trevisanello 2024"
213,"Berti 1983, p. 45; Pozzi 2011; Uggeri 1978, n. 20, pp. 358-359; Trevisanello 2024"
214,"Berti 1983, p. 44; Poggio 1974, p. 37, n. 26 e pp. 89-90, n. 151, tav. XXIII,2 fig. 30; Trevisanello 2024"
215,"Berti 1983, p. 44; Trevisanello 2024"
216,"Baldoni 1981, pp. 79-80, n. 16, tav. VI; Trevisanello 2024"
217,"Berti 1983, p. 44; Serra 2014-2015"
218,"Uggeri 1978, n. 3a, p. 343; Berti 1983, p. 45; Pozzi 2011; Serra 2014-2015"
219,Serra 2014-2015
220,Serra 2014-2015
221,"Berti 1983, p. 43; Negrioli 1924, p. 301; Serra 2022; Serra 2025, p. 234"
222,Romagnoli 2015
223,"Romagnoli 2015; Trevisanello in Spina 2022, pp. 69-70."
224,"Negrioli 1927, pp. 246-249; Aurigemma 1965, pp. 132-133, tavv. 161-162; Berti 1983, p. 44; Romagnoli 2015; Trevisanello in Spina 2022, pp. 74-75; Romagnoli in Spina 2023, p. 172; Timossi in Rasna 2019, pp. 413-414"
225,Romagnoli 2015
226,Romagnoli 2015
227,Pozzi 2011; Trevisanello 2024
228,"Romagnoli 2015; Parrini 2021, p. 290."
229,"Negrioli 1927, pp. 149-150; Serra 2014-2015"
230,"Negrioli 1927, p. 150; Serra 2014-2015"
231,"Negrioli 1927, p. 150; Baldoni 1993, p. 116, tav.5; Serra 2014-2015; Serra in Spina 2023, p. 439"
232,"Negrioli 1927, p. 150; Serra 2014-2015"
233,"Negrioli 1927, pp. 150-151; Berti 1983, p. 44; Serra 2014-2015; Serra 2025, p. 235; Serra in Spina 2023, pp. 173-175; Timossi in Rasna 2019, p. 412"
234,"Baldoni 1981, pp. 94-95, n.38; Natalucci 2014-2015"
235,"Negrioli 1927, p. 151; Berti 1983, p. 48; Berti 1989, p. 39; Serra 2014-2015"
236,"Negrioli 1927, p.151; Berti 1983, p.46; Serra 2014-2015"
237,"Berti 1983, p. 44; Natalucci 2014-2015; Natalucci in Spina 2023, p. 90"
238,"Baldoni 1981, pp. 136-137, n. 97, tav. XXV; Serra 2014-2015"
239,"Negrioli 1927, pp. 151-152; Massei 1978, pp. 101-102, n. 66, Tav. XXVII,1; Natalucci 2014-2015"
240,"Berti 1983, p. 44;  Natalucci 2014-2015"
241,"Negrioli 1927, p. 152, fig. 4; Berti 1991, p. 18; Natalucci 2014-2015"
242,Serra 2014-2015
243,Serra 2014-2015
244,Serra 2014-2015
245,"Negrioli 1927, pp. 153-154 f. 9; Berti 1983, p. 43; Pozzi 2011; Serra 2014-2015; Serra in Spina 2023, p. 310"
246,Serra 2014-2015
247,"Negrioli 1927, p. 154; Hostetter 2001, pp. 74-75; Natalucci 2014-2015"
248,"Natalucci 2014-2015; Parrini 2021, pp. 290-291"
249,Romagnoli 2015
250,"Negrioli 1927, pp. 154-155; Trevisanello 2024"
251,Trevisanello 2024
252,Natalucci 2014-2015
253,"Negrioli 1927, p. 192; Berti 1991, p. 19; Gaucci 2014"
254,Gaucci 2014
255,"Negrioli 1927, p. 145; Gaucci 2014"
256,"Negrioli 1927, p. 156; Massei 1978, pp. 15-17; Gaucci 2014"
257,"Baldoni 1981, p. 149, n. 118; Gaucci 2014"
258,"Negrioli 1927, pp. 156-157; Pozzi 2011; Trevisanello 2024"
259,"Baldoni 1981, pp. 107-108, n. 60; Gaucci 2014"
260,"Negrioli 1927, p. 157; Gaucci 2014"
261,"Negrioli 1927, pp. 158-159; Pozzi 2011; Uggeri 1978, n. 13a, p. 353; Parrini 2021, pp. 291-292; Trevisanello 2024"
262,"Negrioli 1927, pp. 158-159; Uggeri 1978, p. 358; Pozzi 2011; Serra 2022; Serra in Spina 2023, p. 207; Serra 2025, p. 235"
263,"Negrioli 1927, p. 159; Gaucci 2014"
264,"Negrioli 1927, pp. 159-160, tav. XIV; Aurigemma 1960, pp. 175-178, tavv. 202-205; Gaucci 2014; Serra in Spina 2022, pp. 112-113; Serra in Spina 2023, pp. 160-162"
265,Gaucci 2014
266,"Negrioli 1927, pp. 145 e 193; Berti 1983, p. 109; Gaucci 2014"
267,"Gaucci 2014; Desantis in Rasna 2019, p. 415"
268,"Serra 2022; Serra in Spina 2023, pp. 163-164; Serra 2025, p. 232"
269,"Negrioli 1927, p. 160; Gaucci 2014"
270,Gaucci 2014
271,"Negrioli 1927, pp. 160-162, fig. 7, tav. XV, e p. 197; Berti 1983, p. 112, tav. I, figg. 58-59; Aurigemma 1960, pp. 159-164, tavv. 183-190; Gaucci 2014"
272,"Baldoni 1981, pp. 113-114, n. 68; Gaucci 2014"
273,"Gaucci 2014; Serra 2025, p. 246"
274,"Gaucci 2014; Di Giorno in Spina 2023, pp. 158-159"
275,Gaucci 2014
276,"Negrioli 1927, pp. 162, 195; Gaucci 2014"
277,Gaucci 2014
278,Gaucci 2014
279,"Gaucci 2014; Serra 2025, p. 235"
280,"Baldoni 1981, p. 89, n. 29; Gaucci 2014"
281,"Negrioli 1927, pp. 163, 195; Gaucci 2014"
282,Gaucci 2014
283,"Baldoni 1981, pp. 81-82, n. 19; Gaucci 2014"
284,Gaucci 2014
285,Gaucci 2014
286,Gaucci 2014
287,Gaucci 2014
288,"Classico Anticlassico, p. 148; Felletti Maj 1940, p. 59, n. 53, tav. Vi,1; Mostra 1960, p. 334, n. 1065; Alfieri 1979, p. 139, fig. 406; Baldoni 1981, p. 168, n. 140; Gaucci 2014; Bandini in Spina 2023, p. 377"
289,"Parrini 1993c, p. 63; Gaucci 2014"
290,"Classico Anticlassico 1996, p. 153; "
291,Natalucci 2014-2015
292,"Negrioli 1927, p. 163; Pozzi 2011; Uggeri 1978, p. 388; Trevisanello 2024"
293,Gaucci 2014
294,Gaucci 2014
295,"Berti 1991, p. 42; Parrini 2021, pp. 293-294; Gaucci 2014"
296,"Baldoni 1981, pp. 144-145, n. 110; Gaucci 2014"
297,Trevisanello 2024
298,"Gaucci 2014; Serra in Spina 2023, p. 89; Serra 2025, p. 235"
299,Gaucci 2014
300,"Negrioli 1927, p. 193; Aurigemma 1960, pp. 98-101; Gaucci 2014"
301,Gaucci 2014
302,Gaucci 2014
303,"Aurigemma 1965, pp. 15-17, tavv. 10-13; Negrioli 1927, p. 164; Pozzi 2011; Trevisanello 2024"
304,"Baldoni 1981, pp. 92-93, n. 35; Gaucci 2014"
305,"Negrioli 1927, p. 145; Gaucci 2014"
306,"Negrioli 1927, pp. 164-165, fig. 8, p. 196; Malnati 1993, p. 156; Hostetter 1986, pp. 30-31, n. 7; Gaucci 2014"
307,Gaucci 2014
308,"Negrioli 1927, pp. 145, 165-166, 197; Aurigemma 1960, pp. 137-141, tavv. 155-162; Berti 1983, p. 43, fig. 13; Paoli 1993, pp. 98-99; Gaucci 2014; Serra in Spina 2023, p. 179"
309,"Negrioli 1927, p. 145; Pozzi 2011; Uggeri 1978, p. 397; Trevisanello 2024"
310,"Baldoni 1981, p. 126, n. 85; Gaucci 2014"
311,"Negrioli 1927, p. 166, tav. XVI, pp. 145 e 193; Felletti Maj 1940, p. 45; Aurigemma 1960, pp. 121-123, tavv. 139-142; Gaucci 2014; Trevisanello in Spina 2023, p. 194"
312,"Gaucci 2014; Serra 2025, p. 235"
313,"Negrioli 1927, pp. 166-168, fig. 9; p. 145; Aurigemma 1960, pp. 87-97, tavv. 101-113; Massei 1978, pp. 19-21, nn. 12-13; Gaucci 2014"
314,Gaucci 2014
315,Pozzi 2011; Uggeri 1978; p. 386; Trevisanello 2024
316,Romagnoli 2015
317,Gaucci 2014
318,Gaucci 2014
319,Gaucci 2014
320,"Gaucci 2014; Serra 2025, p. 235"
321,"Aurigemma 1965, pp. 100-101, tavv. 126-129; Hostetter 2001, p. 120, n. 295; Trevisanello 2024"
322,"Baldoni 1981, pp. 121-122, n. 80; Gaucci 2014"
323,"Mostra 1960, pp. 286-287, nn. 875-887, tav. LXVIII; Aurigemma 1960, pp. 114-116, tavv. 136-137; Parrini 1993a, pp. 279-281; Hostetter 2001, p. 151, n. 375; Gaucci 2014; Bandini in Spina 2023, p. 278"
324,Gaucci 2014
325,"Negrioli 1927, p. 145; Gaucci 2014"
326,Romagnoli 2015
327,Romagnoli 2015
328,Romagnoli 2015
329,"Romagnoli 2015; Serra 2025, p. 235"
330,Romagnoli 2015
331,Romagnoli 2015
332,"Baldoni 1981, p. 94; Romagnoli 2015"
333,Romagnoli 2015
334,Romagnoli 2015
335,Romagnoli 2015
336,Romagnoli 2015
337,Romagnoli 2015
338,"Baldoni 1981, p. 172; Bisi, Camerin 1993, p. 28; Romagnoli 2015; Serra 2025, p. 232"
339,Romagnoli 2015
340,Romagnoli 2015
341,"Baldoni 1981, pp. 76-77; Romagnoli 2015"
342,Romagnoli 2015
343,"Negrioli 1927, p. 145; Romagnoli 2015; Serra 2025, p. 232"
344,"Negrioli 1927, pp. 168-169; Aurigemma 1965, pp. 135-137, tavv. 163-166; Berti 1983, p. 55; Romagnoli 2015"
345,Romagnoli 2015
346,Romagnoli 2015
347,"Romagnoli 2015; Parrini 2021, p. 294"
348,Romagnoli 2015
349,"Negrioli 1927, pp. 169-170; Romagnoli 2015; Serra 2025, p. 235"
350,"Negrioli 1927, pp. 170-171; Pozzi 2011; Trevisanello 2024"
351,Gaucci 2014
352,Gaucci 2014
353,Gaucci 2014
354,Gaucci 2014
355,Gaucci 2014
356,Gaucci 2014
357,Trevisanello 2024
358,Gaucci 2014
359,Trevisanello 2024
360,"Poggio 1974, p. 67, n. 98; Timossi 2019"
361,"Negrioli 1927, p. 145; Romagnoli 2015; Serra 2025, p. 235"
362,Romagnoli 2015
363,Romagnoli 2015
364,"Negrioli 1927, p. 171; Romagnoli 2015"
365,Timossi 2019
366,"Berti 1993, p. 44; Timossi 2019; Serra 2025, p. 235"
367,Trevisanello 2024
368,Romagnoli 2015
369,"Berti 1993, p. 44; Pozzi 2011; Timossi 2019; Trevisanello in Spina 2022, pp. 76-77, 127. "
370,"Timossi 2019; Serra 2025, p. 236"
371,Timossi 2019
372,Timossi 2019
373,Timossi 2019
374,Romagnoli 2015
375,"Negrioli 1927, pp.176-177, p. 196; Aurigemma 1965, pp. 56 -57, tavv. 62-64; Hostetter 2001, p. 104, n. 254; Romagnoli 2015"
376,Romagnoli 2015
377,Romagnoli 2015
378,Trevisanello 2024
379,Trevisanello 2024
380,Trevisanello 2024
381,Romagnoli 2015
382,Romagnoli 2015
383,Timossi 2019
384,Timossi 2019
385,Timossi 2019
386,Romagnoli 2015
387,"Timossi 2019; Serra 2025, p. 236"
388,Timossi 2019
389,Pozzi 2011; Timossi 2019
390,Timossi 2019
391,"Massei 1978, pp. 24-26, n. 16, tav. V,2; Timossi 2019; Serra 2025, p. 236"
392,"Negrioli 1927, pp. 178-179; Aurigemma 1960, pp. 194-197; Berti 1983, p. 78; Berti 1993, pp. 41 - 42; Hostetter 2001, pp. 124-125, n. 310; Timossi 2019"
393,"Timossi 2019; Serra 2025, p. 236"
394,"Negrioli 1927, p. 179; Aurigemma 1965, pp. 60-61; Timossi 2019"
395,Romagnoli 2015
396,Romagnoli 2015
397,Romagnoli 2015
398,Romagnoli 2015
399,Timossi 2019
400,Timossi 2019
401,Romagnoli 2015
402,Romagnoli 2015
403,Romagnoli 2015
404,Romagnoli 2015
405,"Romagnoli 2015; Romagnoli in Spina 2023, p. 420"
406,"Negrioli 1927, pp. 181-182; Bisi, Camerin 1993, p. 28; Berti 1993, p. 44; Timossi 2019; Serra 2025, p. 232"
407,Romagnoli 2015
408,"Negrioli 1927, p. 145; Desantis 1993b, pp. 308, 312-313; Timossi 2019"
409,"Malnati 1993, p. 166; Locatelli 1993, pp. 348-351; Pozzi 2011; Timossi 2019; Gaucci in Rasna 2019, p. 416"
410,Pozzi 2011; Timossi 2019
411,"Timossi 2019; Serra 2025, p. 236"
412,Timossi 2019
413,Timossi 2019
414,Timossi 2019
415,Timossi 2019
416,Timossi 2019
417,Pozzi 2011; Timossi 2019
418,Timossi 2019
419,"Romagnoli 2015; ROmagnoli in Spina 2023, p. 280"
420,Romagnoli 2015
421,Romagnoli 2015
422,"Arias 1960, pp. 304-309, nn. 963-985; Aurigemma 1960, pp. 151-155; Aurigemma, Alfieri 1957, p. 35, tavv. 172-178; Berti 1983, p. 96; Hostetter 1986, p. 102, n. 72; Negrioli 1927, pp. 183-185; Pozzi 2011; Trevisanello in Desantis et alii 2023, pp. 280-283; Trevisanello 2024; Trevisanello in Spina 2023, pp. 280-283"
423,Romagnoli 2015
424,"Negrioli 1927, p. 145; Romagnoli 2015"
425,"Negrioli 1927, pp. 185-186; Romagnoli 2015; Romagnoli in Spina 2023, p. 205; Serra 2025, p. 236"
426,Romagnoli 2015
427,Romagnoli 2015
428,Romagnoli 2015
429,Romagnoli 2015
430.1,"Baldoni 1981, p. 173, n. 145; Romagnoli 2015 "
430.2,"Baldoni 1981, p. 173, n. 145; Romagnoli 2015 "
431,Romagnoli 2015
432,"Negrioli 1927, p. 145; Romagnoli 2015"
433,Romagnoli 2015
434,Romagnoli 2015
435,Romagnoli 2015
436,"Negrioli 1927, p. 126; Aurigemma 1965, pp. 7-8, tav. 4; Romagnoli 2015"
437,Pozzi 2011; Trevisanello 2024
438,"Romagnoli 2015; Serra 2025, p. 236"
439,Romagnoli 2015
440,Romagnoli 2015
441,Romagnoli 2015
442,Romagnoli 2015
443,"Baldoni 1981, p. 177, n. 152; Romagnoli 2015"
444,Romagnoli 2015
445,Romagnoli 2015
446,"Berti, Guzzo 1993, pp. 269-271; Romagnoli 2015"
447,"Romagnoli 2015; Serra 2025, p. 237"
448,"Berti, Guzzo 1993, pp. 268-269; Romagnoli 2015"
449,Romagnoli 2015
450,Romagnoli 2015
451,Romagnoli 2015
452,Romagnoli 2015
453,"Romagnoli 2015; Serra 2025, p. 237"
454,Pozzi 2011; Trevisanello 2024
455,"Romagnoli 2015; Serra 2025, p. 237"
456.1,"Negrioli 1927, pp. 188-189; Romagnoli 2015"
456.2,"Negrioli 1927, pp. 188-189; Romagnoli 2015; Serra 2025, p. 237"
457.1,"Negrioli 1927, pp. 188-189; Aurigemma 1965, p. 40; Romagnoli 2015"
457.2,"Negrioli 1927, pp. 188-189; Aurigemma 1965, p. 40; Romagnoli 2015; Serra 2025, p. 237"
458,Romagnoli 2015
459.1,Timossi 2019
459.2,Timossi 2019
460,Timossi 2019
461,Trevisanello 2024
462,Trevisanello 2024
463,Trevisanello 2016-2017
464,Trevisanello 2016-2017
465,"Romagnoli 2015; Serra 2022; Serra 2025, p. 237"
466,"Trevisanello 2024; Trevisanello in Spina 2022, p. 124"
467,"Romagnoli 2015; Romagnoli in Spina 2023, p. 91"
468,Romagnoli 2015
469,Romagnoli 2015
470,"Romagnoli 2015; Serra 2025, p. 237"
471,Romagnoli 2015
472,Romagnoli 2015
473,Romagnoli 2015
474,Pozzi 2011; Trevisanello 2024
475,Romagnoli 2015
476,Romagnoli 2015
477,Trevisanello 2024
478,"Romagnoli 2015; Serra 2022; Serra 2025, p. 237"
479,Trevisanello 2024
480,"Romagnoli 2015; Serra 2025, p. 237"
481,Romagnoli 2015
482,"Romagnoli 2015; Serra 2025, p. 232"
483,Romagnoli 2015
484,"Romagnoli 2015; Serra 2025, p. 238"
485,"Aurigemma 1965, pp. 138-139; Berti 1983, p. 55; Berti, Guzzo 1993, pp. 64-66, fig. 51; Parmeggiani 1987, pp. 196-200, figg. 139-141; Pozzi 2011; Trevisanello in Spina 2022, pp. 66-67; Trevisanello 2024"
486,Romagnoli 2015
487,Romagnoli 2015
488,"Camerin 1993a, pp. 267-269; Romagnoli 2015; Romagnoli in Spina 2023, pp. 92-93"
489,Romagnoli 2015
490,"Romagnoli 2015; Serra 2025, p. 246"
491,Romagnoli 2015
492,Romagnoli 2015
493,Pozzi 2011; Trevisanello 2024
494,"Massei 1978, pp. 102-104, n. 67, tavv. XXV, 2, XXVI, 1; Pozzi 2011; Trevisanello 2024"
495,"Romagnoli 2015; Serra 2025, p. 238"
496,Romagnoli 2015
497,Romagnoli 2015
498,Romagnoli 2015
499,"Romagnoli 2015; Romagnoli in Spina 2023, p. 424"
500,Romagnoli 2015
501,Romagnoli 2015
502,"Romagnoli 2015; Serra 2025, p. 238"
503,Romagnoli 2015
504,"Romagnoli 2015; Serra 2025, p. 238"
505,Romagnoli 2015
506.1,Baldoni 1981; p. 87; n. 26; Romagnoli 2015
506.2,Baldoni 1981; p. 87; n. 26; Romagnoli 2015
507.1,Romagnoli 2015
507.2,Romagnoli 2015
508,Romagnoli 2015
509,Romagnoli 2015
510,Romagnoli 2015
511,Romagnoli 2015
512,"Aurigemma 1960, pp. 124-129; Berti 1983, pp. 112-113; Guzzo 1993, p. 102, 109, figg. 82, 89, 90; Camerin 1993b, p. 339-340; Timossi 2019"
513,Romagnoli 2015
514,"Pozzi 2011; Hostetter 2001, p. 95, n. 241; Trevisanello 2024"
515,Romagnoli 2015
516,Romagnoli 2015
517,Romagnoli 2015
518,Romagnoli 2015
519,Romagnoli 2015
520,Romagnoli 2015
521,Romagnoli 2015
522,Romagnoli 2015
523,Pozzi 2011; Trevisanello 2024
524,Romagnoli 2015
525,Romagnoli 2015
526,Romagnoli 2015
527,Romagnoli 2015
528,"Arias-Alfieri 1955, p. 27; Alfieri, Arias 1960, p. 84; Romagnoli 2015; Serra 2025, p. 238"
529,Romagnoli 2015
530,Romagnoli 2015
531,Romagnoli 2015
532,Romagnoli 2015
533,Romagnoli 2015
534,Romagnoli 2015
535,Romagnoli 2015
536,Romagnoli 2015
537,Romagnoli 2015
538,Romagnoli 2015
539,Romagnoli 2015
540,Romagnoli 2015
541,Romagnoli 2015
542,Romagnoli 2015
543,"Romagnoli 2015; Serra 2025, p. 238"
544,Romagnoli 2015
545,"Baldoni 1993, p. 116, fig. 4; Hostetter 1986, pp. 105-106, n. 78; Pozzi 2011; Trevisanello 2024"
546,"Romagnoli 2015; Serra 2025, p. 238"
547,Romagnoli 2015
548,Romagnoli 2015
549,Romagnoli 2015
550,"Romagnoli 2015; Serra 2025, p. 238"
551,Romagnoli 2015
552,"Romagnoli 2015Romagnoli in Spina 2023, p. 439"
553,Romagnoli 2015
554,Romagnoli 2015
555,Romagnoli 2015
556,Romagnoli 2015
557,Romagnoli 2015
558,"BERTI 1993, p. 41 - 42; Pozzi 2011; Timossi 2019"
559,Timossi 2019
560,"BERTI 1993, p. 41; Timossi 2019"
561,Timossi 2019
562,Pozzi 2011; Timossi 2019
563,Timossi 2019
564,"Berti 1983, p. 54; Berti 1993, p. 41; Timossi 2019; Serra 2025, p. 238"
565,"BERTI 1993, p. 41; Timossi 2019"
566,Timossi 2019
567,"Massei 1978, pp. 35-36, n. 23; Timossi 2019; Serra 2025, p. 239"
568,Timossi 2019
569,"Timossi 2019; Serra 2025, p. 239"
570,"BERTI 1993, p. 41; Timossi 2019"
571,Timossi 2019
572,Timossi 2019
573,Timossi 2019
574,Timossi 2019
575,Timossi 2019
576,Timossi 2019
577,"Aurigemma 1965, pp. 65-69; Berti 1983, p. 87; Hostetter 2001, p. 56, n. 163; Timossi 2019"
578,Timossi 2019
579,"Mostra 1960, pp. 63-73; Berti 1993, p. 38; Guzzo 1993, pp. 96 - 98, figg. 74, 75; Camerin 1993b, p. 338; Timossi 2019; Timossi in Spina 2023, p. 180"
580,"BERTI 1993, p. 38; Timossi 2019"
581,"Timossi 2019; Serra 2025, p. 239"
582,Timossi 2019
583,"Berti 2007a, pp. 121-122; Timossi 2019"
584,"Berti 1987, pp. 368-374; Berti 2007a, pp. 109-128; Pozzi 2011; Timossi 2019"
585,"Berti 2007a, pp. 125-126; Pozzi 2011; Timossi 2019"
586,Timossi 2019
587,Timossi 2019
588,"Timossi 2019; Serra 2025, p. 239"
589,Timossi 2019
590,Timossi 2019
591.1,"Berti 2007a, pp. 127-128; Timossi 2019"
591.2,"Berti 2007a, pp. 127-128; Timossi 2019; Serra 2025, p. 239"
592,"Berti 2007a, pp. 126-127; Timossi 2019; Serra 2025, p. 239"
593,"Berti 2007a, pp. 118-120; Timossi 2019"
594,Timossi 2019
595,Timossi 2019
596,Timossi 2019
597,"BERTI 1993, p. 42; Timossi 2019"
598,"Timossi 2019; Serra 2025, p. 232"
599,Timossi 2019
600,"Timossi 2019; Serra 2025, p. 239"
601,Timossi 2019
602,"BERTI 1993, p. 44; Timossi 2019"
603,"BERTI 1993, p. 36; Parrini 1993a, pp. 273, 280-281; Timossi 2019"
604,"Berti 1993, p. 41; Timossi 2019"
605,"Berti 1993, p. 38; Timossi 2019"
606,Pozzi 2011; Timossi 2019
607,Timossi 2019
608,"Timossi 2019; Timossi in Spina 2023, pp. 434-435"
609,Timossi 2019
610,Timossi 2019
611,"BERTI 1993, p. 42; Pozzi 2011; Timossi 2019"
612,"Curti 1993, pp. 292, 294-295; Timossi 2019; Serra 2025, p. 232"
613,Timossi 2019
614,"Aurigemma 1965, pp. 73-74, tavv. 86-89; Berti 1983, p. 86; Trevisanello 2024; Trevisanello in Spina 2023, p. 186"
615,Trevisanello 2024
616,Trevisanello 2024
617,"Aurigemma 1960, pp. 105-109, tavv. 117-121; Camerin 1993b, p. 340, n. 798; Pozzi 2011; Alfieri 1979, p. XXXVI; Aurigemma 1935, pp. 46-47, tav. XXIII, n. 2; Berti 1983, p. 25; Aurigemma 1935, p. 44; Trevisanello 2024"
618,Trevisanello 2024
619,"Alfieri, Arias 1960, p.87; Ruscelli 2014-2015"
620,"Curti 1993, p. 294, n. 328; Trevisanello 2024"
621,Trevisanello 2024
622,Trevisanello 2024
623,Pozzi 2011; Trevisanello 2024
624,Trevisanello 2024
625,"Serra 2022; Serra 2025, p. 239"
626,"Guarnieri 1993, p. 189, nota 11; Massei 1978, pp. 105-107, tavv. XXVI, n. 2, XXVII, n. 3; Trevisanello 2024"
627,"Trevisanello in Spina 2023, p. 427; Trevisanello 2024"
628,Trevisanello 2024
629,"Serra 2022; Serra 2025, p. 232"
630,"Gaucci in Rasna 2019, p. 416; Trevisanello 2024"
631,Pozzi 2011; Trevisanello 2024
632,"Serra 2022; Serra 2025, p. 232"
633,Trevisanello 2024
634,Trevisanello 2024
635,Pozzi 2011; Trevisanello 2024
636,Trevisanello 2024
637,Trevisanello 2024
638,Pozzi 2011; Trevisanello 2024
639,Trevisanello 2024
640,"Serra 2022; Serra 2025, p. 246"
641,"Serra 2022; Serra 2025, p. 239"
642,"Berti 1991, pp. 28-30; Desantis 1993a, p. 158; Hostetter 2001, pp. 116-117, n. 286; Trevisanello 2024"
643,Trevisanello 2024
644,Trevisanello 2024
645,Trevisanello 2024
646,Trevisanello 2024
647,Trevisanello 2024
648,"Hostetter 2001, pp. 142-143, n. 355; Trevisanello 2024"
649,Trevisanello 2024
650,Massei 1978; pp. 37-38; tav. IX; Trevisanello 2024
651,"Serra 2022; Serra 2025, p. 240"
652,Trevisanello 2024
653,"Serra 2022; Serra 2025, p. 240"
654,Trevisanello 2024
655,Trevisanello 2024
656,Trevisanello 2024
657,Trevisanello 2024
658,Trevisanello 2024
659,Trevisanello 2024
660,"Parrini 2021, pp. 295-296; Trevisanello 2024"
661,Trevisanello 2024
662,Trevisanello 2024
663,Trevisanello 2024
664,Pozzi 2011; Trevisanello 2024
665,"Poggio 1974; pp. 113-114; Serra 2022; Serra 2025, p. 240"
666,Trevisanello 2024
667,Trevisanello 2024
668,Trevisanello 2024
669,"Serra 2022; Serra 2025, p. 240"
670,Trevisanello 2024
671,"Aurigemma-Alfieri 1957, p. 22, tav. XIII; Berti 1983, p. 54; Serra 2022; Serra 2025, p. 240"
672,Trevisanello 2024
673,Trevisanello 2024
674,"Poggio 1974, p. 88, tav. XXII, 1-2; Trevisanello 2024"
675,Trevisanello 2024
676,Trevisanello 2024
677,Trevisanello 2024
678,Trevisanello 2024
679,Trevisanello 2024
680,"Pozzi 2011; Serra 2022; Serra 2025, p. 240"
681,Gaucci 2014
682,Gaucci 2014
683,Gaucci 2014
684,Trevisanello 2024
685,Trevisanello 2024
686,"Serra 2022; Serra in Spina 2023, p. 179; Serra 2025, p. 240"
687,Trevisanello 2024
688,Trevisanello 2024
689,Gaucci 2014
690,Trevisanello 2024
691,Gaucci 2014
692,"Hostetter 1986, p. 117, n. 111; Trevisanello 2024"
693,"Massei 1978, pp. 38-39f; Gaucci 2014"
694,Gaucci 2014
695,"Hostetter 1986, p. 113, n. 275; Timossi 2019"
696,Trevisanello 2024
697,"Aurigemma 1965, pp. 75-76, tavv. 90-93; Berti 1991, pp. 23-24; Gaucci 2014"
698,"Serra 2022; Serra in Spina 2023, p. 428; Serra 2025, p. 240"
699,Trevisanello 2024
700,Trevisanello 2024
701,Timossi 2019
702,"Hostetter 1986, pp. 116-117, n. 109; Trevisanello 2024"
703,Trevisanello 2024
704,Trevisanello 2024
705,"Guarnieri 1993, p. 189, nota 11; Trevisanello 2024"
706,Trevisanello 2024
707,Trevisanello 2024
708,Gaucci 2014
709,"Timossi 2019; Gaucci in Spina 2023, p. 402"
710,Gaucci 2014
711,"Hostetter 2001, pp. 119-120, n. 293; Trevisanello 2024"
712,"Massei 1978, pp. 41-42; Trevisanello 2024"
713,Gaucci 2014
714,Timossi 2019
715,"Berti 1993, p. 4; Locatelli 1993, p. 351; Timossi 2019"
716,Timossi 2019
717,Gaucci 2014
718,Gaucci 2014
719,Gaucci 2014
720,"Serra 2022; Serra 2025, p. 241"
721,Trevisanello 2024
722,"Aurigemma 1965, p. 79, tavv. 90-100; Trevisanello 2024"
723,Trevisanello 2024
724,"Parrini 2021, pp. 296-297; Gaucci 2014"
725,Gaucci 2014
726,"Gaucci 2014; Serra 2025, p. 241"
727,Pozzi 2011; Trevisanello 2024
728,Trevisanello 2024
729,Gaucci 2014
730,"Hostetter 2001, pp. 121-122, n. 300; Trevisanello 2024"
731,"Massei 1978, pp. 44-45, n. 29, tav. XI, n. 1; Trevisanello 2024"
732,Pozzi 2011; Trevisanello 2024
733,"Aurigemma 1965, p. 80, tavv. 101-102; Pozzi 2011; Trevisanello in Spina 2023, p. 118; Trevisanello 2024"
734,Timossi 2019
735,Trevisanello 2024
736,Trevisanello 2024
737,"Pozzi 2011; Gaucci in Spina 2023, p. 401; Trevisanello 2024"
738,"Gaucci 2014; Serra 2025, p. 241"
739,"Baldoni 1981, pp. 83-84, n. 22; Gaucci 2014"
740,"Aurigemma 1965, pp. 9-11, tavv. 5-9; Berti 1983, p. 86; Hostetter 2001, pp. 110-111, n. 268, fig. 184; Trevisanello 2024"
741,Pozzi 2011; Timossi 2019
742,Gaucci 2014
743,"Serra 2022; Serra in Spina 2023, p. 429; Serra 2025, p. 241"
744,Trevisanello 2024
745,"Pozzi 2011; Uggeri 1978, n. 5b, p. 345; Trevisanello 2024"
746,Gaucci 2014
747,"Berti 1991, pp. 42-43; Hostetter 1986, pp. 77-79; Locatelli 1993, pp. 344-346, nn. 814-833; Trevisanello 2024"
748,"Berti 1991, pp. 19-20; Gaucci 2014"
749,"Aurigemma 1960, pp. 74-77, tavv. 76-88; Parrini 1993a, p. 281; Gaucci 2014; Di Giorno in Spina 2023, p. 121"
750,Gaucci 2014
751,"Gaucci 2014; Serra 2025, p. 241"
752,"Parrini 2021, pp. 298-299; Gaucci 2014"
753,Trevisanello 2024
754,Trevisanello 2024
755,"Hostetter 1986, p. 110; Trevisanello 2024"
756,"Gaucci 2014; Trevisanello in Spina 2023, pp. 165-166"
757,Trevisanello 2024
758,"Berti 1991; Curti 1993b, pp. 140-141; Gaucci 2014"
759,"Baldoni 1981, p. 113; Gaucci 2014"
760,"Curti 2001, pp. 138-139, tav. 97; Trevisanello 2024"
761,"Massei 1978, pp. 47-48, tav. XII, nn. 1-2; Trevisanello 2024"
762,"Parrini 1993; pp. 144-147; Parrini 2021; pp. 299-300; Gaucci 2014; Serra 2025, p. 241"
763,Gaucci 2014
764,"Aurigemma 1965, pp. 32-33, tavv. 32-33; Massei 1978, n. 46, pp. 69-70; Pozzi 2011; Trevisanello in Spina 2022, pp. 72-73; Trevisanello in Spina 2023, p. 429; Trevisanello 2024"
765,Gaucci 2014
766,Gaucci 2014
767,Trevisanello 2016-2017
768,Trevisanello 2016-2017
769,Trevisanello 2016-2017
770,"Pozzi 2011; Serra 2022; Serra 2025, p. 241"
771,"Massei 1978, pp. 48-49; Serra 2022; Serra 2025, p. 241"
772,"Alfieri, Arias 1960, p. 84; Gaucci 2014; Serra 2025, p. 242"
773,Pozzi 2011; Trevisanello 2024
774,Pozzi 2011; Trevisanello 2024
775,Pozzi 2011; Trevisanello 2024
776,Gaucci 2014
777,Gaucci 2014
778,Pozzi 2011; Trevisanello 2024
779,"Arias 1960; pp. 311-314; Alfieri 1979; p. XXXVII; Mostra 1960; pp. 311-316; Berti 1983; p. 60; figg. 27-28; Classico Anticlassico 1996; pp. 105-106; Desantis 1993b pp. 313-315, nn. 581-608; Massei 1978, pp. 49-51, n. 33; Pozzi 2011; pp. 218-221; Trevisanello in Spina 2023; p. 379; n. 239; Trevisanello 2024"
780,"Alfieri 1979, p. XXXVII; Trevisanello 2024"
781,"Serra 2022; Serra 2025, p. 242"
782,Massei 1978; pp. 51-52; Trevisanello 2024
783,Trevisanello 2024
784,"Aurigemma 1965, 34-35, tavv. 34-37; Hostetter 1986, 103, fig. 15; Massei 1978, 53-55; Trevisanello 2024"
785,"Classico Anticlassico 1996, pp. 127-128, n. 37.00; Cornelio Cassai 1993, pp. 327-329, 332-334, nn. 752-778; Trevisanello in Spina 2023, p. 378, n. 238; Trevisanello 2024"
786,"Serra 2022; Serra 2025, p. 242"
787,"Serra 2022; Serra 2025, p. 242"
788,"Pozzi 2011; Serra 2022; Serra 2025, p. 242"
789,Ruscelli 2014-2015
790,"Berti 1991, pp. 21-23; Gaucci 2014"
791,Gaucci 2014
792,Gaucci 2014
793,Trevisanello 2024
794,Pozzi 2011; Trevisanello 2024
795,Trevisanello 2024
796,Trevisanello 2024
797,Gaucci 2014
798,Gaucci 2014
799,Gaucci 2014
800,Gaucci 2014
801,Gaucci 2014
802,Gaucci 2014
803,Baldoni 1981 p . 143; Gaucci 2014
804,"Gaucci 2014; Bandini in Spina 2023, p. 88"
805,Gaucci 2014
806,Ruscelli 2014-2015
807,Ruscelli 2014-2015
808,Ruscelli 2014-2015
809,Ruscelli 2014-2015
810,"Baldoni 1981, pp. 109-110; Ruscelli 2014-2015"
811,Ruscelli 2014-2015
812,Ruscelli 2014-2015
813,Grandi 2017-2018
814,"Aurigemma 1965, pp. 81-83, tavv. 103-107; Gaucci 2014"
815,Grandi 2017-2018
816,"Grandi 2017-2018; Serra 2025, p. 242."
817,Grandi 2017-2018
818,Grandi 2017-2018
819,"Uggeri 1978,1 pp. 371-372 e p.379 Tav. XXIX fig. 2; Baldoni 1981 p.134; Ruscelli 2014-2015"
820,"Massei 1978, pp. 80-81; Grandi 2017-2018"
821,Grandi 2017-2018
822,Grandi 2017-2018
823,"Grandi 2017-2018; Grandi in Spina 2023, p. 385"
824,Grandi 2017-2018
825,Grandi 2017-2018
826,Ruscelli 2014-2015
827,Gaucci 2014
828,Pozzi 2011; Trevisanello 2024
829,Gaucci 2014
830,"Massei 1978, pp. 81-83; Trevisanello 2016-2017; Serra 2025, p. 246"
831,Trevisanello 2016-2017
832,Grandi 2017-2018
833,Grandi 2017-2018
834,"Massei 1978, pp. 55-57; Grandi 2017-2018; Grandi in Spina 2023, p. 426"
835,Grandi 2017-2018
836,Grandi 2017-2018
837,Grandi 2017-2018
838,Grandi 2017-2018
839,"Berti 1983, p. 54; Ruscelli 2014-2015; Serra 2025, p. 242"
840,Ruscelli 2014-2015
841,Ruscelli 2014-2015
842,Ruscelli 2014-2015
843,Ruscelli 2014-2015
844,"Baldoni 1981, p. 72; Gaucci 2014"
845,Gaucci 2014
846,Gaucci 2014
847,Baldoni 1981 pp. 148-149; Gaucci 2014
848,"Baldoni 1981, p.123, n. 82; Gaucci 2014"
849,"Massei 1978, pp. 57-59; Grandi 2017-2018"
850,Grandi 2017-2018
851,Grandi 2017-2018
852,Grandi 2017-2018
853,Grandi 2017-2018
854,Trevisanello 2016-2017
855,Trevisanello 2016-2017
856,"Baldoni 1981, p. 175; Ruscelli 2014-2015"
857,"Aurigemma 1965, pp. 36-38, tavv. 38-41; Hostetter 2001, p. 93; Gaucci 2014"
858,"Berti 1983, p. 59; Parrini 1985, pp. 192-199; Trevisanello 2024"
859,Trevisanello 2016-2017
860,Trevisanello 2016-2017
861,Trevisanello 2016-2017
862,"Alfieri, Arias 1955, pp. 36-37; Aurigemma, Alfieri 1957, p. 27; Mostra 1960, p. 328, n. 1043, tav. CIV; Berti 1993 p. 38 fig. 32; Serra 2025, p. 242; Ruscelli 2014-2015"
863,"Ruscelli 2014-2015; Ruscelli in Spina 2023, p. 287"
864,Grandi 2017-2018
865,"Massei 1978, pp. 113-114, tav. XXV, fig. 3; Trevisanello 2016-2017"
866,Grandi 2017-2018
867,"Aurigemma 1960, pp. 165-167, Tavv. 191-194; Mostra 1960, pp. 282-284, Tav. XLI; Alfieri 1979, p. XXXIX; Parrini 1993a, pp. 277-278; Pozzi 2011; Natalucci 2014-2015; Natalucci in Spina 2023, p. 278"
868,"Baldoni 1981, pp. 153-154; Ruscelli 2014-2015"
869,Ruscelli 2014-2015
870,Ruscelli 2014-2015
871,Natalucci 2014-2015
872,"Pozzi 2011; Natalucci 2014-2015; Gaucci in Spina 2023, p. 405"
873,"Ruscelli 2014-2015; Serra in Spina 2022, pp. 108-109"
874,Ruscelli 2014-2015
875,Ruscelli 2014-2015
876,Ruscelli 2014-2015
877,Ruscelli 2014-2015
878,Ruscelli 2014-2015
879,"Baldoni 1981, p. 147; Ruscelli 2014-2015"
880,Trevisanello 2016-2017
881,Trevisanello 2016-2017
882,Natalucci 2014-2015
883,"Natalucci 2014-2015; Serra 2025, p. 242"
884,Natalucci 2014-2015
885,Natalucci 2014-2015
886,Natalucci 2014-2015
887,Romagnoli 2015
888,Romagnoli 2015
889,Romagnoli 2015
890,"Massei 1978, p. 83-84; Natalucci 2014-2015"
891,Natalucci 2014-2015
892,"Romagnoli 2015; Romagnoli in Spina 2023, p.439"
893,Curti 1993 pp. 138-139; Ruscelli 2014-2015
894,Ruscelli 2014-2015
895,Ruscelli 2014-2015
896,"Natalucci 2014-2015; Serra 2025, pp. 110, 130, 243"
897,"Camerin 1993a, p. 271; Natalucci 2014-2015"
898,"Baldoni 1981, pp. 124-125, Cornelio Cassai 1993, pp. 333-334; Classico Anticlassico 1996, p. 110; Natalucci 2014-2015; Natalucci in Spina 2023, p. 377"
899,Trevisanello 2014-2015
900,Natalucci 2014-2015
901,Natalucci 2014-2015
902,Trevisanello 2014-2015
903,Trevisanello 2016-2017
904,Pozzi 2011; Trevisanello 2024
905,"Serra 2022; Serra 2025, p. 243"
906,Romagnoli 2015
907,Romagnoli 2015
908,Romagnoli 2015
909,"Massei 1978, pp. 59-61, tav. XV, n. 1; Trevisanello in Spina 2023, p. 288; Trevisanello 2024"
910,"Romagnoli 2015; Romagnoli in Spina 2023, p. 205"
911,"Romagnoli 2015; Serra 2025, p. 243"
912,Romagnoli 2015
913,"Romagnoli 2015; Serra 2025, p. 232"
914,Romagnoli 2015
915,"Aurigemma 1965, pp. 84-86, tavv. 108-111; Hostetter 1986, pp. 43-44, n. 18; Gaucci 2014"
916,Gaucci 2014
917,Gaucci 2014
918,Gaucci 2014
919,Gaucci 2014
920,"Baldoni 1981, p.178, Tav .XLV; Gaucci 2014"
921,Gaucci 2014
922,Gaucci 2014
923,Gaucci 2014
924,"Gaucci 2014; Serra 2025, p. 243"
925,Gaucci 2014
926,Gaucci 2014
927,Gaucci 2014
928,Gaucci 2014
929,"Serra in Spina 2022, p. 52; Gaucci 2014"
930,Gaucci 2014
931,"Aurigemma 1965, pp. 87-88, Tavv. 112-115; Parmeggiani 1987, pp. 191, 200- 204, figg. 143- 146; Serra in Spina 2022, p. 51; Gaucci 2014; Serra in Spina 2023, p. 196"
932,Gaucci 2014
933,"Massei 1978, pp. 84-86; Berti 1991, p. 33; Serra in Spina 2022, pp. 52-53; Gaucci 2014; Serra in Spina 2023, p. 195"
934,Gaucci 2014
935,Gaucci 2014
936,"Aurigemma 1960, p. 110; Gaucci 2014"
937,Gaucci 2014
938,Gaucci 2014
939,"Baldoni 1981, p.140, n. 102; Serra in Spina 2022, p. 53; Gaucci 2014"
940,"Baldoni 1981, p. 141, n. 104; Gaucci 2014"
941,Gaucci 2014
942,Gaucci 2014
943,Gaucci 2014
944,"Baldoni 1981, p. 103, n. 53; Gaucci 2014"
945,"Baldoni 1981, p. 104, n. 54; Gaucci 2014"
946,Gaucci 2014
947,"Trevisanello 2014-2015; Parrini 2021, pp. 302-303"
948,Trevisanello 2024
949,Trevisanello 2014-2015
950,Trevisanello 2014-2015
951,Trevisanello 2014-2015
952,Trevisanello 2024
953,Trevisanello 2024
954,Trevisanello 2024
955,Trevisanello 2024
956,Trevisanello 2014-2015
957,Pozzi 2011; Trevisanello 2024
958,Trevisanello 2014-2015
959,Trevisanello 2014-2015
960,"Berti 1983, p. 54; Trevisanello 2014-2015; Serra 2025, p. 243"
961,"Aurigemma 1965, pp. 106-108, tavv. 136-139; Hostetter 1986, pp. 112-113, n. 97; Hostetter 2001, pp. 150-151, n. 371; Paoli 1993, pp. 96-97; Trevisanello 2024"
962,Trevisanello 2014-2015
963,Trevisanello 2014-2015
964,Trevisanello 2014-2015
965,Trevisanello 2024
966,Trevisanello 2024
967,Trevisanello 2024
968,Trevisanello 2024
969,Trevisanello 2024
970,Trevisanello 2024
971,"Aurigemma 1965, p, 138, tav. LXXV; Aurigemma 1965, pp. 104-105, tavv. 132-135; Berti 1983, p. 79, fig. 41; Camerin 1993b, p. 341, n. 801; Felletti-Maj 1940, 2, p. 50; Pozzi 2011; Uggeri 1978, p. 370, n. 33; Trevisanello 2024"
972,Trevisanello 2024
973,Trevisanello 2024
974,Trevisanello 2024
975,Trevisanello 2024
976,Trevisanello 2024
977,Serra 2016-2017
978,Serra 2016-2017
979,Trevisanello 2024
980,"Curti 2001, p. 142, tav. 97; Trevisanello 2024"
981,"Aurigemma 1965, pp. 89-90, tavv. 116-117; Trevisanello 2024"
982,Trevisanello 2024
983,"Parrini 1993a, pp. 273, 278; Timossi 2019"
984,Timossi 2019
985,Timossi 2019
986,Pozzi 2011; Timossi 2019
987,Timossi 2019
988,Timossi 2019
989,Timossi 2019
990,Timossi 2019
991,Timossi 2019
992,"Timossi 2019; Serra 2025, p. 243"
993,Timossi 2019
994,Timossi 2019
995,"BERTI 1993, p. 44; Timossi 2019; Serra 2025, p. 243"
996,Timossi 2019
997,Timossi 2019
998,Timossi 2019
999,Timossi 2019
1000,Pozzi 2011; Timossi 2019
1001,"Timossi 2019; Serra 2025, p. 233"
1002,Timossi 2019
1003,Timossi 2019
1004,Timossi 2019
1005,Timossi 2019
1006,"Pozzi 2011; Uggeri 1978, 1 p. 373 n. a , fig. 3; Serra 2016-2017"
1007,"Berti 1991, p. 28; Serra 2016-2017; Serra 2025, p. 243"
1008,Serra 2016-2017
1009,"Baldoni 1993, p. 116-117; Serra 2016-2017"
1010,Serra 2016-2017
1011,Serra 2016-2017
1012,Serra 2016-2017
1013,Serra 2016-2017
1014,"BERTI 1993, p. 42; Pozzi 2011; Timossi 2019"
1015,"Timossi 2019; Serra 2025, p. 243"
1016,Pozzi 2011; Timossi 2019
1017,Timossi 2019
1018,Trevisanello 2016-2017
1019,Trevisanello 2016-2017
1020,Trevisanello 2016-2017
1021,Trevisanello 2016-2017
1022,Trevisanello 2016-2017
1023,Trevisanello 2016-2017
1024,"Timossi 2019; Serra 2025, p. 243"
1025,Timossi 2019
1026,"Pozzi 2011; Timossi 2019; Gaucci in Rasna 2019, p. 415"
1027,"Trevisanello 2016-2017; Trevisanello in Spina 2023, p. 287"
1028,Trevisanello 2016-2017
1029,Massei 1978 pp. 107-108; Trevisanello 2016-2017
1030,Trevisanello 2016-2017
1031,Trevisanello 2016-2017
1032,Trevisanello 2016-2017
1033,"Uggeri 1978, pp. 368-369; Pozzi 2011; Trevisanello 2016-2017; Serra 2025, p. 244"
1034,"Massei 1978, pp. 108-110; Trevisanello 2016-2017"
1035,Timossi 2019
1036,"Massei 1978, pp. 61-63, tavv. XVI-XVII; Trevisanello 2016-2017"
1037,"Berti et alii 1993, p. 26; Guarnieri 1993, p. 189, nota 11, p. 190, nota 13; Trevisanello 2016-2017"
1038,Trevisanello 2016-2017
1039,"Aurigemma 1965, pp. 92-93, tavv. 118-120; Trevisanello 2016-2017"
1040,"Camerin 1993a, pp. 271-272; Trevisanello 2016-2017; Serra 2025, p. 244"
1041,"Trevisanello 2016-2017; Serra 2025, p. 244"
1042,Trevisanello 2016-2017
1043,Trevisanello 2016-2017
1044,Trevisanello 2016-2017
1045,Trevisanello 2016-2017
1046,Trevisanello 2016-2017
1047,Trevisanello 2016-2017
1048,Trevisanello 2016-2017
1049,Trevisanello 2016-2017
1050,"Massei 1978, pp. 86-88, tav. XXII, fig. 2; Classico Anticlassico 1996, pp. 108; Pozzi 2011; Trevisanello 2016-2017"
1051,"Massei 1978, pp. 88-90, tav. XXII, fig. 3; Trevisanello 2016-2017; Serra 2025, p. 244."
1052,"Guzzo 1993, p. 227, nota 37; Parrini 1993a, pp. 274, 282; Timossi 2019"
1053,Trevisanello 2016-2017
1054,Trevisanello 2016-2017
1055,Trevisanello 2016-2017
1056,Trevisanello 2016-2017
1057,"Uggeri 1978, n. 44c, p. 381; Pozzi 2011; Ruscelli 2016-2017; Gaucci in Rasna 2019, p. 415"
1058,"Desantis 1993a, p. 40, nota 82; Ruscelli 2016-2017"
1059,Trevisanello 2016-2017
1060,"Berti in Classico Anticlassico 1996, p. 155, n. 59.00; Ruscelli 2016-2017"
1061,Trevisanello 2016-2017
1062,Trevisanello 2016-2017
1063,Trevisanello 2016-2017
1064,"Uggeri 1978, n. 44d, p. 381; Pozzi 2011; Ruscelli 2016-2017; Ruscelli in Spina 2023, pp. 134-135"
1065,"Baldoni 1981, pp. 159-161; Desantis 1996, p. 365, 367, nota 40, 48, 49; Ruscelli 2016-2017"
1066,"Uggeri 1978, n. 46a, p. 382; Pozzi 2011; Ruscelli 2016-2017"
1067,"Trevisanello 2016-2017; Serra 2025, p. 244"
1068,Trevisanello 2016-2017
1069,Ruscelli 2016-2017
1070,Trevisanello 2016-2017
1071,Trevisanello 2016-2017
1072,Ruscelli 2016-2017
1073,"Guarnieri 1993, p. 184, nota 11; Ruscelli 2016-2017"
1074,Ruscelli 2016-2017
1075,Ruscelli 2016-2017
1076,"Trevisanello 2016-2017; Serra 2025, p. 244"
1077,Pozzi 2011; Ruscelli 2016-2017
1078,"Guarnieri 1993, p. 184, nota 11; Berti in Classico Anticlassico 1996, p. 124; Desantis 1996, note a p. 369; Ruscelli 2016-2017; Ruscelli in Spina 2023, pp. 136-141"
1079,Trevisanello 2014-2015
1080,Pozzi 2011; Ruscelli 2016-2017
1081,"Baldoni 1981, pp. 133-134; Ruscelli 2016-2017"
1082,"Berti, Bisi, Camerin 1993, p. 27; Guarnieri 1993, p. 184, nota 11; Berti 1993, pp. 44-45, fig. 39; Desantis 1993f p. 137; Desantis 1993c, pp. 317-320; Berti in Classico Anticlassico, p. 154; Ruscelli 2016-2017"
1083,"Berti 1993, p. 45; Ruscelli 2016-2017"
1084,Trevisanello 2014-2015
1085,"Trevisanello 2014-2015; Serra 2025, p. 244"
1086,Trevisanello 2014-2015
1087,"Berti 1983, p. 54; Trevisanello 2014-2015; Serra 2025, p. 244"
1088,Ruscelli 2016-2017
1089,"Berti 1993, pp. 44-45; Pozzi 2011; Ruscelli 2016-2017; Gaucci in Spina 2023, p. 407"
1090,Pozzi 2011; Ruscelli 2016-2017
1091,"Pozzi 2011; Uggeri 1991, p. 260-263, nn. 28-32; Trevisanello 2014-2015"
1092,"Pozzi 2011; Ruscelli 2016-2017; Serra 2025, p. 244"
1093,"Guarnieri 1993, p. 184, nota 11; Trevisanello 2016-2017; Trevisanello in Spina 2023, p. 425"
1094,Ruscelli 2016-2017
1095,Timossi 2019
1096,"Pozzi 2011; Parrini 2021, pp. 303-305; Trevisanello 2024"
1097,Gaucci 2014
1098,"Gaucci 2014; Serra 2025, p. 233"
1099,Gaucci 2014
1100,Gaucci 2014
1101,Gaucci 2014
1102,"Gaucci 2014; Trevisanello in Spina 2023, p. 89"
1103,"Felletti-Maj 1940, p. 326; Trevisanello 2024"
1104,"Felletti-Maj 1940, p. 326; Trevisanello 2024"
1105,"Felletti-Maj 1940, p. 326; Trevisanello 2024"
1106,Timossi 2019
1107,Timossi 2019
1108,"Berti 1993, p. 41; Guzzo 1993, p. 224, nota 24; Timossi 2019"
1109,"Timossi 2019; Serra 2025, p. 244"
1110,"Timossi 2019; Serra 2025, p. 245"
1111,Timossi 2019
1112,Timossi 2019
1113,"Felletti-maj 1940, p. 327; Timossi 2019; Serra 2025, p. 245"
1114,Timossi 2019
1115,Timossi 2019
1116,Timossi 2019
1117,"Felletti-Maj 1940, p. 327; Timossi 2019"
1118,"Felletti-Maj 1940, p. 327; Timossi 2019"
1119,Timossi 2019
1120,Timossi 2019
1121,"Felletti-maj 1940, p. 327; Timossi 2019"
1122,"Felletti Maj, pp. 328-329; Timossi 2019"
1123,"Timossi 2019; Serra 2025, p. 233"
1124,Timossi 2019
1125,"Felletti-Maj 1940, p. 328; Parrini 2021, pp. 305-306; Trevisanello 2024"
1126,"Felletti-Maj 1940, p. 328; Trevisanello 2024"
1127,"Timossi 2019; Serra 2025, p. 233"
1128,Timossi 2019
1129,Timossi 2019
1130,Timossi 2019
1131,"Pozzi 2011; Massei 1978, pp. 90-92, tav. XXIII, nn. 1-2; Desantis 1993b, pp. 308-309, 310-312, nn. 543-573; Trevisanello 2024; Trevisanello in Spina 2023, p. 291"
1132,Timossi 2019
1133,Timossi 2019
1134,Timossi 2019
1135,Timossi 2019
1136,"Felletti-Maj 1940, p. 328; Timossi 2019; Serra 2025, p. 245"
1137,Timossi 2019
1138,Timossi 2019
1139,Timossi 2019
1140,Timossi 2019
1141,"Felletti-Maj 1940, p. 329; Berti 1993, p. 38; Timossi 2019"
1142,"Felletti-Maj 1940, p. 329; Timossi 2019"
1143,Timossi 2019
1144,"Felletti-Maj 1940, p. 329; Timossi 2019"
1145,"Desantis 1993b, pp. 308, 310; Timossi 2019; Serra 2025, p. 233"
1146,Timossi 2019
1147,"Felletti-Maj 1940, p. 329; Timossi 2019"
1148,Timossi 2019
1149,Timossi 2019
1150,Timossi 2019
1151,"Felletti-Maj 1940, p. 329; Timossi 2019"
1152,Timossi 2019
1153,Timossi 2019
1154,Timossi 2019
1155,"Felletti-Maj 1940, p. 329; Timossi 2019"
1156,"Felletti-Maj 1940, p. 329; Trevisanello 2024"
1157,"Felletti-Maj 1940, pp. 329-330; Curti 1993, p. 292, 294-295; Timossi 2019"
1158,"Timossi 2019; Timossi in Spina 2023, p. 286"
1159,Timossi 2019
1160,"Felletti-Maj 1940, p. 330; Trevisanello 2024"
1161,"Serra 2022; Serra 2025, p. 245"
1162,"Felletti-Maj 1940, p. 330; Trevisanello 2024"
1163,"Berti 1991, p. 39; Felletti-Maj 1940, p. 331; Trevisanello 2024"
1164,"Felletti-Maj 1940, p. 330; Trevisanello 2024"
1165,"Felletti-Maj 1940, p. 332; Trevisanello 2024"
1166,"Berti 1983, pp. 87-88; Felletti-Maj 1940, 2, pp. 50, 334; Trevisanello, Baldoni in Spina 2023, p. 291; Trevisanello 2024"
1167,"Felletti-Maj 1940, p. 335; Trevisanello 2024"
1168,"Aurigemma 1965, pp. 94-95, tavv. 121-124; Felletti-Maj 1940, p. 335; Trevisanello 2024"
1169,"Felletti-Maj 1940, p. 335; Trevisanello 2024"
1170,"Felletti-Maj 1940, p. 337; Serra 2016-2017"
1171,"Felletti-Maj 1940, p. 337; Serra 2016-2017"
1172,"Felletti-Maj 1940, p. 337; Serra 2016-2017"
1173,"Felletti-Maj 1940, p. 337; Uggeri 1978, n. 48, p. 385; Baldoni 1981, pp. 110-111; Pozzi 2011; Serra 2016-2017; Gaucci in Spina 2023, p. 403; Gaucci in Rasna 2019, p. 415"
1174,"Felletti-Maj 1940, p. 337; Serra 2016-2017; Serra in Spina 2023, p. 378"
1175,"Felletti-Maj 1940, p. 337; Serra 2016-2017; Serra 2025, p. 245"
1176,"Felletti-Maj 1940, p. 337; Serra 2016-2017"
1177,"Felletti-Maj 1940, p. 337; Serra 2016-2017"
1178,"Felletti-Maj 1940, pp. 337-338; Baldoni 1981, p. 144; Serra 2016-2017"
1179,"Felletti-Maj 1940, p. 338; Serra 2016-2017"
1180,"Felletti-Maj 1940, p. 338; Serra 2016-2017; Serra 2025, p. 245"
1181,"Felletti-Maj 1940, p. 338; Serra 2016-2017"
1182,"Felletti-Maj 1940, p. 338; Desantis 1993b, pp. 315-316; Serra 2016-2017"
1183,"Felletti-Maj 1940, p. 338; Serra 2016-2017"
1184,"Felletti-Maj 1940, p. 338; Serra 2016-2017"
1185,"Felletti-Maj 1940, p. 338; Massei 1978, pp. 93-94; Serra 2016-2017"
1186,"Felletti-Maj 1940, p. 338; Serra 2016-2017; Serra 2025, p. 233"
1187,"Felletti-Maj 1940, p. 338; Serra 2016-2017"
1188,"Felletti-Maj 1940, p. 338; Serra 2016-2017; Serra 2025, p. 245"
1189,"Classico Anticlassico 1996, pp. 122-123, n. 31.00; Felletti-Maj 1940, pp. 338-339; Serra 2016-2017; Serra 2025, p. 245"
1190,"Felletti-Maj 1940, p. 339; Massei 1978, pp. 94-95; Serra 2016-2017; Serra 2025, p. 233; Gaucci in Rasna 2019, p. 416"
1191,"Felletti-Maj 1940, p. 339; Serra 2016-2017"
1192,"Felletti-Maj 1940, p. 339; Serra 2016-2017; Serra 2025, p. 245"
1193,"Felletti-Maj 1940, p. 339; Serra 2016-2017"
1194,"Felletti-Maj 1940, p. 339; Serra 2016-2017"
1195,"Felletti-Maj 1940, p. 339; Serra 2016-2017"
1196,"Bisi, Camerin 1993, p. 28; Felletti-Maj 1940, p. 339; Serra 2016-2017; Serra 2025, p. 233"
1197,"Felletti-Maj 1940, p. 339; Serra 2016-2017"
1198,"Felletti-Maj 1940, p. 339; Serra 2016-2017"
1199,"Felletti-Maj 1940, p. 339; Serra 2016-2017; Serra 2025, p. 245"
1200,"Felletti-Maj 1940, p. 339; Serra 2016-2017"
1201,"Felletti-Maj 1940, p. 339; Serra 2016-2017"
1202,"Felletti-Maj 1940, p. 339; Serra 2016-2017; Serra 2025, p. 245"
1203,"Felletti-Maj 1940, pp. 339-340; Bisi, Camerin 1993, p. 28; Serra 2016-2017; Serra 2025, p.  233"
1204,"Felletti-Maj 1940, p. 340; Serra 2016-2017; Serra 2025, p. 246"
1205,"Felletti-Maj 1940, p. 340; Serra 2016-2017"
1206,"Felletti-Maj 1940, p. 340; Serra 2016-2017"
1207,"Felletti-Maj 1940, p. 340; Serra 2016-2017"
1208,"Felletti-Maj 1940, p. 340; Serra 2016-2017"
1209,"Baldoni 1981, p. 117, n. 73; Felletti-Maj 1940, p. 340; Serra 2016-2017"
1210,"Berti 1987, pp. 359-368; Berti 1987, pp. 359-368; Felletti-Maj 1940, p. 340; Serra 2016-2017; Baldoni in Spina 2023, p. 297"
1211,"Felletti-Maj 1940, p. 340; Serra 2016-2017"
1212,Trevisanello 2024
1213,"Felletti-Maj 1940, p. 341; Serra 2022; Serra 2025, p. 246"
